t√≠tulo,autor,l√≠ngua,formato,g√™nero,tipo,temas,sequ√™ncia,protagonismo,status,fic√ß√£o?,estrelas,coment√°rio,ano lido,origem,pa√≠s,ano de publica√ß√£o,n√∫mero de p√°ginas
harry potter e a pedra filosofal,JK Rowling,portugu√™s,brochura,"fantasia, infantil",narrativa,"soft magic, harry potter",saga,masculino,lido,fic√ß√£o,‚≠ê‚≠ê‚≠ê,,2018,livraria f√≠sica,Inglaterra,1997,264
percy jackson e o ladr√£o de raios,"Rick Riordan, Robert Venditti",portugu√™s,brochura,"fantasia, infantil",hq/manga,"mitologia grega, soft magic, percy jackson",saga,masculino,lido,fic√ß√£o,‚≠ê‚≠ê‚≠ê,,2018,presente,Estados Unidos,2011,128
percy jackson e o mar de monstros,"Rick Riordan, Robert Venditti",portugu√™s,brochura,"fantasia, infantil",hq/manga,"mitologia grega, soft magic, percy jackson",saga,masculino,lido,fic√ß√£o,‚≠ê‚≠ê‚≠ê‚≠ê,,2018,presente,Estados Unidos,2013,128
harry potter e a camara secreta,JK Rowling,portugu√™s,brochura,"fantasia, infantil",narrativa,"soft magic, harry potter",saga,masculino,lido,fic√ß√£o,‚≠ê‚≠ê‚≠ê,,2019,livraria f√≠sica,Inglaterra,1998,288
harry potter e o prosioneiro de azkaban,JK Rowling,portugu√™s,brochura,"fantasia, infantil",narrativa,"soft magic, harry potter",saga,masculino,lido,fic√ß√£o,‚≠ê‚≠ê‚≠ê‚≠ê,,2019,livraria f√≠sica,Inglaterra,1999,348
a pris√£o do rei,Victoria Aveyard,portugu√™s,ebook,"distopia, sci fi, fantasia, jovem adulto",narrativa,"soft magic, monarquia, poderes, red queen",saga,feminino,lido,fic√ß√£o,‚≠ê‚≠ê‚≠ê‚≠ê,"penso mensalmente na cena da mare, eve e iris no corredor falando mal do maven e do nada esse d√™monio aparecendo na assossia√ß√£o de noivas dele",2020,pirateado,Estados Unidos,2017,544
a rainha vermelha,Victoria Aveyard,portugu√™s,brochura,"distopia, sci fi, fantasia, jovem adulto",narrativa,"soft magic, monarquia, poderes, red queen",saga,feminino,lido,fic√ß√£o,‚≠ê‚≠ê‚≠ê,cap√≠tulo 26 üíÄ,2020,sebo,Estados Unidos,2015,424
corte de espinhos e rosas,Sarah J. Mass,portugu√™s,ebook,"fantasia, jovem adulto, romance",narrativa,"soft magic, monarquia, fadas",saga,feminino,abandonado,fic√ß√£o,‚≠ê,o povo do ar mata,2020,pirateado,Estados Unidos,2015,448
espada de vidro,Victoria Aveyard,portugu√™s,ebook,"distopia, sci fi, fantasia, jovem adulto",narrativa,"soft magic, monarquia, poderes, red queen",saga,feminino,lido,fic√ß√£o,‚≠ê‚≠ê‚≠ê‚≠ê,"todo mundo te odeia mare de espada de vidro, mas eu te amo porque sou a √∫nica que te entendeu",2020,pirateado,Estados Unidos,2016,496
mentirosos,E. Lockhart,portugu√™s,brochura,"suspense, jovem adulto",narrativa,,√∫nico,feminino,lido,fic√ß√£o,‚≠ê‚≠ê‚≠ê,,2020,livraria f√≠sica,Estados Unidos,2014,272
sua alteza real,Rachel Hawkins,portugu√™s,ebook,"romance, com√©dia, jovem adulto",narrativa,"lgbt, s√°fico, colegial, sunshine x grumpy, enemies to lovers, monarquia, high profile, royals",s√©rie,feminino,lido,fic√ß√£o,‚≠ê‚≠ê‚≠ê,,2020,pirateado,Estados Unidos,2019,304
trono destru√≠do,Victoria Aveyard,portugu√™s,brochura,"distopia, fantasia, sci fi, jovem adulto",contos,"soft magic, monarquia, poderes, red queen",extra,duplo,lido,fic√ß√£o,‚≠ê‚≠ê‚≠ê‚≠ê,"evangeline e elaine injusti√ßadas, o pot√™ncial de um spin off romantico delas",2020,livraria f√≠sica,Estados Unidos,2019,504
war storm,Victoria Aveyard,ingl√™s,brochura,"distopia, sci fi, fantasia, jovem adulto",narrativa,"soft magic, monarquia, poderes, red queen",saga,feminino,lido,fic√ß√£o,‚≠ê‚≠ê‚≠ê‚≠ê‚≠ê,EVANGELINE EU LI QUATRO LIVROS POR VOC√ä E SOMENTE VOC√™ E VOC√ä N√ÉO ME DECEPCIONOU EU TE AMO TANTO VOC√ä JAMAIS ENTENDERIA A IMENSID√á√ÉO DOS MEUS SENTIMENTOS POR VOC√ä,2020,presente,Estados Unidos,2018,672
a rainha do nada,Holly Black,portugu√™s,brochura,"fantasia, jovem adulto",narrativa,"fadas, soft magic, povo do ar",trilogia,feminino,lido,fic√ß√£o,‚≠ê‚≠ê‚≠ê‚≠ê‚≠ê,taryn se redimiu aqui quando matou aquele maluco,2021,livraria online,Estados Unidos,2019,294
conectadas,Clara Alves,portugu√™s,brochura,"jovem adulto, romance",narrativa,"lgbt, s√°fico, webnamoro, cosplays",√∫nico,feminino,lido,fic√ß√£o,‚≠ê‚≠ê‚≠ê,,2021,presente,Brasil,2019,320
del√≠rio,Lauren Oliver,portugu√™s,ebook,"distopia, sci fi, jovem adulto, romance",narrativa,del√≠rio,trilogia,feminino,lido,fic√ß√£o,‚≠ê‚≠ê,"n√£o lembro = n√£o gostei, next",2021,pirateado,Estados Unidos,2011,352
girls of paper and fire,Natasha Ngan,ingl√™s,ebook,"fantasia, romance, jovem adulto",narrativa,"lgbt, s√°fico, furry?",trilogia,feminino,lido,fic√ß√£o,‚≠ê‚≠ê‚≠ê,"n√£o sei como eu cheguei no fim, mas eu cheguei e preferia n√£o ter chegado",2021,pirateado,Inglaterra,2019,400
o pr√≠ncipe cruel,Holly Black,portugu√™s,brochura,"fantasia, jovem adulto",narrativa,"fadas, soft magic, povo do ar",trilogia,feminino,lido,fic√ß√£o,‚≠ê‚≠ê‚≠ê‚≠ê,"in√≠cio chato, mas o final √© uma del√≠cia",2021,livraria f√≠sica,Estados Unidos,2018,322
o rei perverso,Holly Black,portugu√™s,brochura,"fantasia, jovem adulto",narrativa,"fadas, soft magic, povo do ar",trilogia,feminino,lido,fic√ß√£o,‚≠ê‚≠ê‚≠ê,√≥dio de voc√™ cardan,2021,livraria online,Estados Unidos,2019,308
objetos cortantes,Gillian Flynn,portugu√™s,brochura,"suspense, drama",narrativa,,√∫nico,feminino,lido,fic√ß√£o,‚≠ê‚≠ê‚≠ê,,2021,presente,Estados Unidos,2006,256
one last stop,Casey McQuiston,ingl√™s,ebook,"jovem adulto, romance, sci fi",narrativa,"lgbt, s√°fico, viagem no tempo, homofobia",√∫nico,feminino,lido,fic√ß√£o,‚≠ê‚≠ê‚≠ê‚≠ê,"n√£o √© pra mim, mas n√£o √© ruim !",2021,pirateado,Estados Unidos,2021,432
os sete maridos de evelyn hugo,Taylor Jenkins Reid,portugu√™s,ebook,"jovem adulto, drama",narrativa,"lgbt, s√°fico",√∫nico,feminino,lido,fic√ß√£o,‚≠ê‚≠ê‚≠ê‚≠ê‚≠ê,preciso tatuar na minha pele ,2021,pirateado,Estados Unidos,2017,360
she drives me crazy,Kelly Quindlen,ingl√™s,ebook,"jovem adulto, romance",narrativa,"lgbt, s√°fico, colegial, enemies to lovers",√∫nico,feminino,lido,fic√ß√£o,‚≠ê‚≠ê‚≠ê,,2021,pirateado,Estados Unidos,2021,304
a lesson in vengence,Victoria Lee,ingl√™s,ebook,"jovem adulto, fantasia",narrativa,"lgbt, s√°fico, enemies to lovers, dark academia, g√≥tico, colegial, esoterismo",√∫nico,feminino,lido,fic√ß√£o,‚≠ê‚≠ê‚≠ê,"dark academia on point, o resto...",2022,pirateado,Estados Unidos,2021,369
a maldi√ß√£o do mar,Shea Ernshaw,portugu√™s,brochura,"fantasia, romance, jovem adulto",narrativa,,duologia,feminino,lido,fic√ß√£o,‚≠ê‚≠ê‚≠ê‚≠ê,descobri o plot inteiro no in√≠cio,2022,presente,Estados Unidos,2001,320
a senhora da magia,Marion Zimmer Bradley,portugu√™s,brochura,"fic√ß√£o hist√≥rica, fantasia",narrativa,"mitologia crist√£, esoterismo, as brumas de avalon",saga,feminino,lido,fic√ß√£o,‚≠ê‚≠ê‚≠ê,chatinho no in√≠cio mas a cena do incesto e eles drogados foi o limite pra mim,2022,sebo,Estados Unidos,1983,280
daisy jones and the six,Taylor Jenkins Reid,portugu√™s,ebook,"jovem adulto, drama",narrativa,,√∫nico,feminino,abandonado,fic√ß√£o,‚≠ê‚≠ê‚≠ê‚≠ê,"por que eu parei de ler, senhor?",2022,pirateado,Estados Unidos,2019,368
dama da n√©voa,Laura Sebastian,portugu√™s,brochura,"fantasia, jovem adulto",narrativa,soft magic,trilogia,feminino,lido,fic√ß√£o,‚≠ê‚≠ê‚≠ê,,2022,presente,Estados Unidos,2019,400
garotas (im)perfeitas,Ra√≠ssa Selvaticci,portugu√™s,ebook,"jovem adulto, romance",narrativa,"lgbt, s√°fico, colegial, enemies to lovers",√∫nico,feminino,lido,fic√ß√£o,‚≠ê,"autria flores √© um nome muito bom, parab√©ns",2022,pirateado,Brasil,2022,120
"girl, serpent, thorn",Melissa Bashardoust,ingl√™s,ebook,"fantasia, jovem adulto, romance",narrativa,"lgbt, s√°fico, soft magic, sunshine x grumpy, enemies to lovers, monarquia, mitologia persa, furry?",√∫nico,feminino,lido,fic√ß√£o,‚≠ê‚≠ê‚≠ê,achei top a mitologia persa nem vou mentir,2022,pirateado,Estados Unidos,2020,336
luzes do norte,Giu Domingues,portugu√™s,brochura,"fantasia, romance, jovem adulto",narrativa,"lgbt, s√°fico, soft magic, duologia boreal",duologia,feminino,lido,fic√ß√£o,‚≠ê‚≠ê‚≠ê‚≠ê,,2022,livraria f√≠sica,Brasil,2022,280
my dearest darkest,Kayla Cottingham,ingl√™s,ebook,"fantasia, jovem adulto, romance",narrativa,"lgbt, s√°fico, soft magic, sunshine x grumpy, enemies to lovers, dark academia",√∫nico,feminino,lido,fic√ß√£o,‚≠ê‚≠ê,"ela brilha e tem vitiligo m√°gico, n√£o sei",2022,pirateado,Estados Unidos,2022,368
o legado de chandler,Abdi Nazemain,portugu√™s,ebook,jovem adulto,narrativa,"lgbt, s√°fico, aquiliano, colegial, dark academia",√∫nico,duplo,lido,fic√ß√£o,‚≠ê‚≠ê‚≠ê,paia,2022,pirateado,Ir√£,2022,341
o rei de elfhame,Holly Black,portugu√™s,brochura,"fantasia, jovem adulto",narrativa,"fadas, soft magic, povo do ar",extra,masculino,lido,fic√ß√£o,‚≠ê‚≠ê‚≠ê‚≠ê‚≠ê,foi s√≥ aqui que eu descobri que o locke era ruivo,2022,presente,Estados Unidos,2020,192
princesa das cinzas,Laura Sebastian,portugu√™s,brochura,"fantasia, jovem adulto",narrativa,soft magic,trilogia,feminino,lido,fic√ß√£o,‚≠ê‚≠ê‚≠ê,se o cal (red queen) fosse um pr√≠ncipe bom ele seria o saeron,2022,presente,Estados Unidos,2018,456
rainha das chamas,Laura Sebastian,portugu√™s,brochura,"fantasia, jovem adulto",narrativa,soft magic,trilogia,feminino,lido,fic√ß√£o,‚≠ê‚≠ê‚≠ê‚≠ê,,2022,presente,Estados Unidos,2020,384
the invisible life of addie larue,VE Schwab,ingl√™s,capa dura,"fantasia, jovem adulto, romance",narrativa,"soft magic, esoterismo, poderes",√∫nico,feminino,lido,fic√ß√£o,‚≠ê‚≠ê‚≠ê‚≠ê‚≠ê,"cada √∫nica p√°gina do desenvolvimento desse √© perfeito, o final √© question√°vel, mas vale a pena",2022,presente,Estados Unidos,2020,560
the lost sisters,Holly Black,ingl√™s,ebook,"fantasia, jovem adulto",contos,"fadas, soft magic, povo do ar",extra,feminino,lido,fic√ß√£o,‚≠ê‚≠ê‚≠ê‚≠ê‚≠ê,taryn as pessoas te odeia mas eu te amo <3,2022,pirateado,Estados Unidos,2018,57
the society for soulless girls,Laura Seteven,ingl√™s,ebook,"fantasia, jovem adulto, romance",narrativa,"lgbt, s√°fico, colegial, soft magic, sunshine x grumpy, enemies to lovers, dark academia, esoterismo",√∫nico,feminino,lido,fic√ß√£o,‚≠ê‚≠ê,???,2022,pirateado,Inglaterra,2022,448
vil√£o,VE Schwab,portugu√™s,brochura,"fantasia, jovem adulto",narrativa,poderes,duologia,masculino,lido,fic√ß√£o,‚≠ê‚≠ê‚≠ê‚≠ê,"maior campanha pr√≥ leitura da minha vida, li esse e mais 6 em um m√™s",2022,emprestado,Estados Unidos,2019,364
all the young dudes,MsKingBean89,ingl√™s,ebook,"fantasia, jovem adulto, romance, drama",narrativa,"lgbt, aquiliano, soft magic, friends to lovers, dark academia, homofobia, harry potter",√∫nico,masculino,abandonado,fic√ß√£o,‚≠ê‚≠ê‚≠ê‚≠ê‚≠ê,como pode um f√£ de harry potter escrever sobre o mundo bruxo melhor que a jk rowling?,2023,outro,Estados Unidos,2017,1171
her royal highness,Rachel Hawkins,ingl√™s,ebook,"romance, com√©dia, jovem adulto",narrativa,"lgbt, s√°fico, colegial, sunshine x grumpy, enemies to lovers, monarquia, high profile, royals",s√©rie,feminino,lido,fic√ß√£o,‚≠ê‚≠ê‚≠ê‚≠ê,"surpreendentemente, a vers√£o em ingl√™s √© melhor",2023,pirateado,Estados Unidos,2019,283
i kissed shara wheeler,Casey McQuiston,ingl√™s,capa dura,"jovem adulto, romance, com√©dia",narrativa,"lgbt, s√°fico, enemies to lovers, colegial",√∫nico,feminino,lido,fic√ß√£o,‚≠ê‚≠ê‚≠ê‚≠ê‚≠ê,"chloe green e sua obssess√£o, simplesmente meu livro mais anotado",2023,livraria online,Estados Unidos,2022,368
o ceifador,Neal Shusterman,portugu√™s,brochura,"distopia, jovem adulto",narrativa,,trilogia,duplo,lido,fic√ß√£o,‚≠ê‚≠ê‚≠ê,"n√£o entendi a met√°fora, mas bom livro",2023,livraria f√≠sica,Estados Unidos,2016,448
percy jackson e o ladr√£o de raios,Rick Riordan,portugu√™s,brochura,"fantasia, infantil",narrativa,"mitologia grega, soft magic, percy jackson",saga,masculino,lido,fic√ß√£o,‚≠ê‚≠ê‚≠ê‚≠ê,definitivamente melhor que harry potter,2023,livraria f√≠sica,Estados Unidos,2005,377
princesas mortas n√£o se apaixonam,Ra√≠ssa Selvaticci,portugu√™s,ebook,"jovem adulto, romance",narrativa,"lgbt, s√°fico, colegial, enemies to lovers, monarquia, homofobia",√∫nico,feminino,lido,fic√ß√£o,‚≠ê‚≠ê,,2023,pirateado,Brasil,2023,352
6 times we almost kissed (and one time we did),Tess Sharpe,ingl√™s,ebook,"jovem adulto, romance",narrativa,"lgbt, s√°fico, colegial, sunshine x grumpy, friends to lovers",√∫nico,feminino,lido,fic√ß√£o,‚≠ê‚≠ê‚≠ê,,2024,pirateado,Estados Unidos,2023,384
a hist√≥ria da mitologia para quem tem pressa,Mark Daniels,portugu√™s,brochura,,outro,"esoterismo, mitologia crist√£, mitologia grega",outro,,lido,n√£o fic√ß√£o,‚≠ê‚≠ê,,2024,presente,Estados Unidos,2016,196
carrie soto est√° de volta,Taylor Jenkins Reid,portugu√™s,ebook,"jovem adulto, drama",narrativa,high profile,√∫nico,feminino,abandonado,fic√ß√£o,‚≠ê‚≠ê‚≠ê‚≠ê,li por causa de challengers <3,2024,pirateado,Estados Unidos,2022,352
como se fosse fanfic,Victoria Mendes ,portugu√™s,ebook,"jovem adulto, romance",narrativa,"lgbt, s√°fico",√∫nico,feminino,lido,fic√ß√£o,‚≠ê‚≠ê‚≠ê,,2024,ebook,Brasil,2024,200
delilah green n√£o est√° nem a√≠,Ashley Herring Blake,portugu√™s,brochura,"jovem adulto, romance",narrativa,"lgbt, s√°fico, sunshine x grumpy",s√©rie,feminino,lendo,fic√ß√£o,‚≠ê‚≠ê‚≠ê,muito millenial,2024,livraria online,Estados Unidos,2022,336
"for√ßa, nakamura!",Syundei,portugu√™s,brochura,"jovem adulto, romance, com√©dia",hq/manga,"lgbt, aquiliano, colegial",√∫nico,masculino,abandonado,fic√ß√£o,‚≠ê‚≠ê‚≠ê,"a cena do polvo no √≠nicio me pegou desprevinida, mas, assim, quando comprei vinha com aviso bem grande que era +18, ent√£o n√£o foi por falta de aviso",2024,livraria f√≠sica,Jap√£o,2022,200
a dark drowning tide,Allison Saft,ingl√™s,ebook,"jovem adulto, romance, suspense",narrativa,"lgbt, s√°fico, sunshine x grumpy, enemies to lovers, dark academia, esoterismo",√∫nico,feminino,lido,fic√ß√£o,‚≠ê‚≠ê‚≠ê‚≠ê‚≠ê,se ignorar o fato de q eu editei o epub pra trocar o nome tenebroso das personagens..,2025,pirateado,Estados Unidos,2024,400
o inc√™ndio em tr√≥ia,Marion Zimmer Bradley,portugu√™s,brochura,"fic√ß√£o hist√≥rica, fantasia",narrativa,"mitologia grega, esoterismo",√∫nico,feminino,lendo,fic√ß√£o,,,2025,sebo,Estados Unidos,1987,545
gwen and art are not in love, Lex Croucher,ingl√™s,ebook,"jovem adulto, romance, fic√ß√£o hist√≥rica",narrativa,"lgbt, s√°fico, aquiliano, monarquia, esoterismo, homofobia",√∫nico,duplo,lido,fic√ß√£o,‚≠ê‚≠ê‚≠ê‚≠ê‚≠ê,achei que ia me arrastar nos cap√≠tulos narrados pelo art mas ele √© um divo,2025,pirateado,Inglaterra,2024,412
an education in malice,S. T. Gibson,ingl√™s,ebook,"romance, jovem adulto, fantasia",narrativa,"lgbt, s√°fico, g√≥tico, dark academia, enemies to lovers, vampiros",√∫nico,feminino,lido,fic√ß√£o,‚≠ê,"eu daria mais uma estrela se a professora tivesse morrido no fim tbm, de resto, p√©ssimo livro",2025,pirateado,Estados Unidos,2024,368
a garota do lago,Charlie Donlea,portugu√™s,brochura,suspense,narrativa,,√∫nico,feminino,n√£o lido,fic√ß√£o,,,,presente,Estados Unidos,2017,296
a grande rainha,Marion Zimmer Bradley,portugu√™s,brochura,"fic√ß√£o hist√≥rica, fantasia",narrativa,"mitologia crist√£, esoterismo, as brumas de avalon",saga,feminino,lido,fic√ß√£o,‚≠ê‚≠ê‚≠ê‚≠ê‚≠ê,"meu amor e √≥dio pela gwen, esse final, queria ter gravado minha rea√ß√£o (eu sei onde eu tava, o que eu vestia, com quem eu estava, o que eu ia fazer, a hor√°rio que eu li a √∫ltima linha)",,sebo,Estados Unidos,1983,267
a mans√£o gallant,VE Schwab,portugu√™s,brochura,"fantasia, jovem adulto",narrativa,,√∫nico,feminino,n√£o lido,fic√ß√£o,,,,presente,Estados Unidos,2022,320
a queda de atlantida a teia de luz,Marion Zimmer Bradley,portugu√™s,brochura,"fic√ß√£o hist√≥rica, fantasia",narrativa,"esoterismo, atl√¢ntida",duologia,feminino,n√£o lido,fic√ß√£o,,,,sebo,Estados Unidos,1983,202
a queda de atlantida a teia de trevas,Marion Zimmer Bradley,portugu√™s,brochura,"fic√ß√£o hist√≥rica, fantasia",narrativa,"esoterismo, atl√¢ntida",duologia,feminino,n√£o lido,fic√ß√£o,,,,sebo,Estados Unidos,1983,244
agora esse √© o nosso mundo,Erik J. Brown,portugu√™s,brochura,"distopia, jovem adulto",narrativa,"lgbt, aquiliano, p√≥s apocalptico",√∫nico,masculino,n√£o lido,fic√ß√£o,,,,presente,Estados Unidos,2023,256
aqueles que devemos encontrar,Joan He,portugu√™s,brochura,"sci fi, jovem adulto",narrativa,,√∫nico,feminino,n√£o lido,fic√ß√£o,,,,livraria f√≠sica,Estados Unidos,2022,384
catching fire,Suzanne Collins,ingl√™s,brochura,"distopia, jovem adulto",narrativa,jogos vorazes,trilogia,feminino,n√£o lido,fic√ß√£o,,,,sebo,Estados Unidos,2009,472
destruidor de espadas,Victoria Aveyard,portugu√™s,brochura,"fantasia, jovem adulto",narrativa,"soft magic, monarquia, destruidor de reinos",trilogia,masculino,n√£o lido,fic√ß√£o,,,,presente,Estados Unidos,2022,560
destruidor de reinos,Victoria Aveyard,portugu√™s,brochura,"fantasia, jovem adulto",narrativa,"soft magic, monarquia, destruidor de reinos",trilogia,masculino,abandonado,fic√ß√£o,,,,livraria online,Estados Unidos,2021,560
divina com√©dia,"Dante Alighieri, Hern√¢ni Donato",portugu√™s,brochura,"cl√°ssico, fantasia",narrativa,mitologia crist√£,√∫nico,masculino,n√£o lido,fic√ß√£o,,,,outro,It√°lia,1321,332
dracul,"Dacre Stocker, JD Barker, Marcia Blasques",portugu√™s,brochura,"cl√°ssico, terror",narrativa,"g√≥tico, vampiros",√∫nico,masculino,n√£o lido,fic√ß√£o,,"sim, eu comprei dois e eu nunca vou ler nenhum deles",,livraria f√≠sica,Irlanda,2018,432
dr√°cula,"Bram Stocker, Marsely de Marco",portugu√™s,brochura,"cl√°ssico, terror",narrativa,"g√≥tico, vampiros",√∫nico,masculino,n√£o lido,fic√ß√£o,,"sim, eu comprei dois e eu nunca vou ler nenhum deles",,livraria f√≠sica,Irlanda,1897,352
drag√µes de √©ter ca√ßadores de bruxas,Raphael Draccon,portugu√™s,brochura,"fantasia, infantil",narrativa,,saga,duplo,n√£o lido,fic√ß√£o,,,,livraria f√≠sica,Brasil,2011,368
duna,Frank Herbert,portugu√™s,capa dura,"sci fi, jovem adulto, cl√°ssico",narrativa,soft magic,saga,masculino,n√£o lido,fic√ß√£o,,,,livraria online,Estados Unidos,1965,680
fogo e estrelas,Audrey Coulthurst,portugu√™s,brochura,"fantasia, romance, jovem adulto",narrativa,"lgbt, s√°fico",duologia,feminino,n√£o lido,fic√ß√£o,,,,presente,Estados Unidos,2022,440
mockingjay,Suzanne Collins,ingl√™s,brochura,"distopia, jovem adulto",narrativa,jogos vorazes,trilogia,feminino,n√£o lido,fic√ß√£o,,,,sebo,Estados Unidos,2010,458
my broken mariko,Waka Hirako,portugu√™s,brochura,"jovem adulto, drama",hq/manga,,√∫nico,feminino,n√£o lido,fic√ß√£o,,,,livraria f√≠sica,Jap√£o,2023,200
o clube de crimes das quintas feiras,Richard Osman,portugu√™s,brochura,"suspense, jovem adulto",narrativa,,s√©rie,,n√£o lido,fic√ß√£o,,,,livraria f√≠sica,Inglaterra,2020,400
o clube mary shelley,Goldy Moldavsky,portugu√™s,brochura,suspense,narrativa,dark academia,√∫nico,,n√£o lido,fic√ß√£o,,,,livraria f√≠sica,Estados Unidos,2022,320
o gamo rei,Marion Zimmer Bradley,portugu√™s,brochura,"fic√ß√£o hist√≥rica, fantasia",narrativa,"mitologia crist√£, esoterismo, as brumas de avalon",saga,feminino,lido,fic√ß√£o,‚≠ê‚≠ê‚≠ê‚≠ê,,,sebo,Estados Unidos,1983,246
o prisioneiro da √°rvore,Marion Zimmer Bradley,portugu√™s,brochura,"fic√ß√£o hist√≥rica, fantasia",narrativa,"mitologia crist√£, esoterismo, as brumas de avalon",saga,feminino,lido,fic√ß√£o,‚≠ê‚≠ê‚≠ê,"gwen cegueta me deixou triste, morgana perdeu a moral ficando enfiada em avalon nesse final imperd√≠vel",,sebo,Estados Unidos,1983,283
odiss√©ia,Homero,portugu√™s,capa dura,"cl√°ssico, fantasia",narrativa,"mitologia grega, soft magic",s√©rie,masculino,n√£o lido,fic√ß√£o,,,,outro,Gr√©cia,2003,318
percy jackson and the last olympian,Rick Riordan,ingl√™s,brochura,"fantasia, jovem adulto",narrativa,"mitologia grega, soft magic, percy jackson",saga,masculino,n√£o lido,fic√ß√£o,,,,sebo,Estados Unidos,2009,432
percy jackson e o mar de monstros,Rick Riordan,portugu√™s,brochura,"fantasia, infantil",narrativa,"mitologia grega, soft magic, percy jackson",saga,masculino,n√£o lido,fic√ß√£o,,,,sebo,Estados Unidos,2006,279
sandman noites sem fim,Neil Gaiman,portugu√™s,capa dura,fantasia,hq/manga,,s√©rie,masculino,n√£o lido,fic√ß√£o,,,,outro,Inglaterra,2003,164
sombras do sul,Giu Domingues,portugu√™s,brochura,"fantasia, romance, jovem adulto",narrativa,"lgbt, s√°fico, soft magic, duologia boreal",duologia,feminino,abandonado,fic√ß√£o,,"fofo, meigo, nacional e s√°fico",,livraria f√≠sica,Brasil,2022,352
the hunger games,Suzanne Collins,ingl√™s,brochura,"distopia, jovem adulto",narrativa,jogos vorazes,trilogia,feminino,n√£o lido,fic√ß√£o,,,,sebo,Estados Unidos,2008,458
the trials of apollo the burning maze,Rick Riordan,ingl√™s,brochura,"fantasia, jovem adulto",narrativa,"mitologia grega, soft magic",saga,masculino,n√£o lido,fic√ß√£o,,,,sebo,Estados Unidos,2018,448
todas as cores do c√©u,Amita Trasi,portugu√™s,brochura,"jovem adulto, drama",narrativa,,√∫nico,feminino,n√£o lido,fic√ß√£o,,,,presente,India,2015,384
vermelho branco e sangue azul,Casey McQuiston,portugu√™s,brochura,"jovem adulto, romance, com√©dia",narrativa,"lgbt, aquiliano, enemies to lovers, monarquia, high profile",√∫nico,masculino,n√£o lido,fic√ß√£o,,,,presente,Estados Unidos,2019,392
carmilla,Sheridan Le Fanu,ingl√™s,ebook,cl√°ssico,narrativa,lgbt,√∫nico,feminino,lido,fic√ß√£o,‚≠ê‚≠ê‚≠ê‚≠ê,"as crian√ßas vitorianas devem ter tido um avc lendo isso aqui, eu nao",2025,pirateado,Irlanda,1872,108
babel,R.F. Kuang,ingl√™s,ebook,"fantasia, jovem adulto, suspense, drama",narrativa,"dark academia, g√≥tico, esoterismo",√∫nico,duplo,lendo,fic√ß√£o,,,2025,pirateado,Estados Unidos,2022,545
honor bound,Lex Prismvtic,ingl√™s,ebook,"fantasia, jovem adulto, romance",narrativa,"lgbt, s√°fico, soft magic, monarquia, poderes, internato, romance proibido, angst",duologia,feminino,lendo,fic√ß√£o,,,2025,outro,Estados Unidos,2025,423
o cara que estou a fim n√£o √© um cara,Sumiko Arai,portugu√™s,brochura,"jovem adulto, romance",hq/manga,"lgbt, s√°fico, friends to lovers",outro,feminino,lido,fic√ß√£o,‚≠ê‚≠ê‚≠ê‚≠ê‚≠ê,foda-se mto bonitinho,2025,livraria online,Jap√£o,2024,184